latitude,longitude,date
32.822,-117.225,7/1/1976
33.52,-112.094,11/1/1978
32.841,-116.989,9/1/1979
33.375,-111.842,11/1/1979
32.609,-117.081,10/1/1981
32.252,-110.859,5/1/1982
38.468,-121.415,12/1/1982
33.922,-118.104,4/17/1983
37.48,-122.217,6/1/1983
33.704,-117.935,8/15/1983
47.565,-122.329,9/15/1983
34.134,-117.926,10/1/1983
45.556,-122.521,10/27/1983
47.657,-117.333,12/1/1983
40.658,-111.891,1/12/1984
47.225,-122.467,5/24/1984
38.598,-121.452,8/6/1984
47.445,-122.251,8/30/1984
61.145,-149.885,10/25/1984
47.905,-122.207,11/1/1984
33.863,-117.924,11/1/1984
34.184,-118.323,11/1/1984
26.587,-80.071,11/15/1984
36.852,-76.201,11/19/1984
35.137,-106.616,12/1/1984
28.662,-81.415,6/20/1985
33.945,-118.335,7/8/1985
47.681,-122.183,8/29/1985
36.809,-119.874,9/12/1985
35.383,-119.047,10/3/1985
45.508,-122.841,10/29/1985
34.014,-117.745,11/1/1985
39.197,-76.597,11/15/1985
34.224,-119.15,11/18/1985
37.358,-121.937,12/6/1985
37.372,-121.996,7/1/1986
28.496,-81.426,9/18/1986
37.898,-122.321,10/16/1986
38.021,-121.292,10/23/1986
33.804,-118.165,11/1/1986
45.436,-122.756,11/3/1986
38.42,-122.712,11/11/1986
45.428,-122.575,11/24/1986
47.654,-122.682,11/25/1986
37.311,-121.851,11/28/1986
38.851,-77.373,11/28/1986
37.959,-122.035,12/10/1986
34.187,-118.603,12/18/1986
33.995,-117.921,12/19/1986
37.641,-122.403,5/18/1987
37.718,-122.181,5/21/1987
37.254,-121.876,6/1/1987
33.774,-117.941,6/25/1987
46.226,-119.235,7/1/1987
38.862,-77.057,7/6/1987
33.624,-111.902,7/6/1987
40.862,-73.133,7/13/1987
34.088,-118.148,8/24/1987
37.665,-122.449,10/1/1987
40.529,-74.377,10/24/1987
33.469,-117.676,12/4/1987
39.359,-76.447,3/12/1988
21.318,-157.87,5/12/1988
37.502,-121.971,5/26/1988
33.644,-112.231,8/1/1988
37.106,-76.495,9/17/1988
34.66,-118.149,9/29/1988
43.585,-116.274,10/11/1988
34.515,-117.32,10/13/1988
33.89,-117.521,11/1/1988
39.507,-119.786,11/8/1988
25.656,-80.413,11/16/1988
34.925,-120.419,11/22/1988
26.274,-80.148,11/29/1988
47.287,-122.314,3/9/1989
37.782,-121.975,3/16/1989
32.327,-111.048,4/1/1989
26.808,-80.087,5/18/1989
34.069,-117.261,6/22/1989
37.7,-121.066,8/10/1989
26.097,-80.251,8/17/1989
40.759,-73.422,9/16/1989
34.23,-118.554,9/23/1989
25.775,-80.322,10/26/1989
33.349,-111.959,11/1/1989
44.09,-123.068,11/9/1989
34.182,-118.464,11/9/1989
36.617,-121.847,11/16/1989
38.132,-122.215,12/7/1989
33.556,-117.677,3/1/1990
40.586,-122.347,4/5/1990
39.033,-76.91,6/2/1990
38.59,-121.264,6/23/1990
39.157,-77.213,7/28/1990
26.412,-80.102,8/30/1990
39.69,-104.866,11/3/1990
39.864,-105.067,11/3/1990
37.511,-77.607,11/3/1990
42.132,-72.622,11/8/1990
46.565,-120.496,11/14/1990
39.023,-77.404,11/17/1990
36.806,-119.701,11/19/1990
36.294,-119.306,11/20/1990
42.557,-70.979,11/29/1990
33.802,-116.391,3/9/1991
39.639,-105.085,8/1/1991
38.01,-121.833,8/29/1991
42.135,-71.068,9/12/1991
40.891,-74.25,9/28/1991
39.723,-121.81,10/15/1991
42.374,-122.887,10/29/1991
33.875,-117.743,11/1/1991
48.791,-122.515,11/13/1991
46.997,-122.918,11/14/1991
36.069,-115.037,11/15/1991
41.443,-73.405,11/21/1991
37.641,-77.56,11/23/1991
33.52,-117.156,11/26/1991
46.895,-114.039,11/27/1991
45.755,-108.569,12/5/1991
40.42,-74.173,12/7/1991
38.086,-122.552,3/11/1992
42.703,-71.441,3/18/1992
44.92,-122.997,3/26/1992
34.403,-118.46,5/1/1992
32.812,-115.57,5/14/1992
38.787,-77.515,6/27/1992
41.107,-74.026,6/30/1992
40.831,-74.136,7/1/1992
37.667,-122.103,7/5/1992
33.938,-117.279,9/1/1992
21.284,-157.71,9/3/1992
33.727,-117.796,10/1/1992
38.217,-122.144,10/1/1992
34.077,-117.547,10/1/1992
33.122,-117.317,10/3/1992
47.767,-117.385,10/16/1992
32.988,-117.076,10/23/1992
40.744,-73.598,10/24/1992
61.21,-149.804,11/5/1992
38.739,-77.2,11/7/1992
33.661,-117.744,11/14/1992
32.775,-117.022,11/19/1992
40.056,-74.155,11/21/1992
37.42,-122.093,12/9/1992
25.919,-80.297,12/12/1992
25.914,-80.154,12/12/1992
41.249,-73.024,4/22/1993
46.146,-123.915,7/15/1993
42.593,-114.464,7/20/1993
46.423,-117.044,7/29/1993
40.631,-73.738,8/12/1993
40.776,-73.052,8/14/1993
44.055,-121.27,8/17/1993
44.506,-73.177,8/25/1993
48.079,-123.125,9/9/1993
41.543,-72.971,10/13/1993
58.358,-134.483,11/4/1993
34.037,-118.104,11/6/1993
40.907,-74.571,11/9/1993
42.396,-71.264,11/10/1993
37.702,-121.811,11/17/1993
37.771,-122.411,11/18/1993
19.687,-156.02,11/22/1993
33.187,-117.276,11/24/1993
37.302,-120.494,12/2/1993
48.235,-114.331,12/3/1993
32.636,-117.025,1/13/1994
40.898,-73.794,6/3/1994
47.776,-122.344,6/30/1994
40.861,-74.064,7/21/1994
37.561,-122.275,8/4/1994
36.985,-122.035,8/18/1994
47.551,-122.05,9/9/1994
33.392,-111.668,10/27/1994
40.792,-124.179,11/3/1994
33.473,-111.985,12/1/1994
38.428,-78.855,5/4/1995
39.158,-78.159,5/23/1995
20.888,-156.451,5/26/1995
47.402,-120.282,6/23/1995
40.807,-73.287,8/25/1995
38.782,-121.266,11/10/1995
40.731,-111.9,12/2/1995
40.573,-74.17,12/15/1995
34.283,-118.797,5/1/1996
40.052,-76.256,5/24/1996
34.578,-112.363,6/27/1996
34.153,-118.797,8/8/1996
47.826,-122.311,10/3/1996
33.949,-84.143,11/13/1996
33.928,-84.352,11/13/1996
34.126,-118.263,11/15/1996
40.767,-73.937,11/20/1996
40.655,-74.007,11/21/1996
45.713,-111.071,8/28/1997
36.703,-121.667,8/29/1997
34.005,-84.569,9/13/1997
40.091,-75.384,10/11/1997
40.812,-74.38,10/25/1997
39.561,-104.879,11/20/1997
42.231,-71.175,3/17/1998
42.382,-83.334,5/1/1998
42.418,-83.433,5/1/1998
42.517,-83.119,5/1/1998
42.496,-82.937,5/1/1998
42.605,-83.294,5/1/1998
33.808,-118.332,9/24/1998
39.675,-75.649,10/1/1998
42.055,-88.045,11/17/1998
41.846,-87.963,11/17/1998
40.694,-74.29,11/19/1998
34.428,-119.873,11/24/1998
39.96,-105.172,4/15/1999
33.991,-118.446,6/24/1999
40.238,-75.237,7/10/1999
40.564,-74.556,8/24/1999
35.963,-86.819,8/27/1999
26.546,-81.875,9/30/1999
40.973,-73.863,10/29/1999
35.192,-89.793,11/18/1999
35.046,-89.796,11/18/1999
32.712,-117.114,11/22/1999
40.282,-111.68,11/23/1999
26.219,-81.773,12/7/1999
28.597,-81.301,12/8/1999
39.297,-84.302,2/16/2000
42.012,-87.782,6/1/2000
40.551,-111.894,6/2/2000
33.659,-112.115,6/22/2000
32.78,-117.13,6/29/2000
21.42,-158.006,7/20/2000
48.454,-122.338,8/3/2000
32.676,-97.405,9/21/2000
33.045,-96.7,9/21/2000
35.068,-106.531,10/24/2000
34.742,-86.601,11/2/2000
39.116,-119.776,11/10/2000
47.156,-122.309,11/14/2000
37.125,-113.522,11/15/2000
44.968,-93.35,11/16/2000
42.707,-83.296,11/22/2000
27.923000000000002,-82.332,11/28/2000
30.252,-81.536,11/29/2000
36.028,-78.914,11/30/2000
33.899,-118.373,12/5/2000
39.286,-84.452,12/6/2000
39.068,-94.583,1/12/2001
42.185,-88.092,2/21/2001
32.795,-80.037,4/18/2001
32.685,-97.114,4/27/2001
32.943,-97.113,4/27/2001
41.931,-87.677,5/2/2001
38.796,-90.609,5/8/2001
41.092,-73.452,5/9/2001
29.954,-95.547,6/7/2001
29.788,-95.53,6/7/2001
35.162,-80.885,6/21/2001
40.313,-76.8,8/28/2001
30.396,-97.746,8/30/2001
39.791,-105.081,9/19/2001
33.023,-96.83,9/27/2001
36.065,-80.318,9/28/2001
36.163,-115.333,10/4/2001
44.639,-123.065,10/12/2001
42.629,-82.981,10/17/2001
39.036,-94.356,10/18/2001
45.199,-93.35,10/23/2001
41.474,-87.322,10/24/2001
29.575,-98.596,11/3/2001
33.492,-112.128,11/20/2001
38.959,-94.731,11/27/2001
40.692,-80.11,11/28/2001
35.127,-80.704,11/29/2001
39.155,-76.73,12/1/2001
39.402,-77.411,12/1/2001
41.94,-88.13,12/7/2001
34.083,-117.69,12/11/2001
38.907,-94.671,2/21/2002
33.568,-117.712,6/6/2002
40.458,-80.167,7/9/2002
38.295,-77.517,7/10/2002
29.611,-98.476,7/11/2002
41.009,-73.691,8/29/2002
37.754,-121.476,9/17/2002
38.352,-122.715,9/18/2002
38.508,-90.339,9/20/2002
39.914,-86.062,10/3/2002
39.916,-86.225,10/3/2002
33.465,-112.275,10/11/2002
42.107,-87.822,10/17/2002
41.525,-81.447,10/22/2002
42.402,-71.07,11/21/2002
36.842,-119.789,11/26/2002
38.35,-121.981,12/6/2002
41.458,-82.016,12/10/2002
37.009,-121.554,3/1/2003
40.234,-74.048,3/20/2003
27.96,-82.728,5/15/2003
38.646,-121.111,5/23/2003
41.727,-88.206,7/1/2003
45.333,-122.766,7/24/2003
42.535,-83.445,9/25/2003
38.898,-77.445,10/9/2003
47.239,-122.375,11/12/2003
31.782,-106.411,11/13/2003
41.197,-111.979,11/18/2003
33.379,-86.811,11/20/2003
36.058,-79.884,11/21/2003
38.692,-121.297,12/13/2003
33.706,-78.916,3/18/2004
47.708,-116.782,4/22/2004
42.179,-88.338,7/8/2004
32.937,-117.036,7/23/2004
39.115,-77.533,7/28/2004
41.994,-72.576,7/29/2004
32.997,-96.964,8/25/2004
37.52,-120.888,8/26/2004
45.684,-122.604,8/27/2004
42.083,-87.937,10/13/2004
44.862,-93.43,11/18/2004
41.561,-93.805,12/7/2004
42.504,-83.759,12/8/2004
42.913,-85.545,12/9/2004
39.971,-74.912,3/3/2005
34.091,-84.277,6/4/2005
42.876,-85.763,6/16/2005
33.803,-118.039,7/14/2005
47.779,-122.149,8/26/2005
35.252,-120.689,9/17/2005
26.008,-80.361,10/14/2005
33.933,-117.97,10/26/2005
36.278,-115.209,10/27/2005
33.67,-112.029,11/11/2005
45.536,-122.935,11/17/2005
40.89,-111.893,11/22/2005
33.295,-111.899,12/1/2005
35.296,-119.057,4/26/2006
34.062,-83.995,5/3/2006
33.298,-111.748,5/4/2006
33.695,-117.334,5/5/2006
30.222,-97.839,6/1/2006
47.06,-122.76,7/18/2006
34.247,-77.873,7/28/2006
32.621,-96.911,8/9/2006
43.614,-116.592,8/23/2006
40.39,-111.827,8/24/2006
39.579,-119.74,8/25/2006
48.148,-122.189,9/21/2006
21.968,-159.382,10/17/2006
39.643,-106.889,10/20/2006
35.818,-78.622,10/25/2006
38.315,-85.574,10/26/2006
45.092,-93.424,10/27/2006
36.139,-86.884,11/14/2006
33.881,-84.472,11/15/2006
34.139,-117.444,11/17/2006
33.707,-116.272,11/22/2006
46.617,-112.006,11/28/2006
40.148,-82.978,11/29/2006
41.601,-87.86,11/30/2006
39.993,-104.978,2/21/2007
40.404,-79.92,3/8/2007
26.489,-81.786,4/12/2007
26.681,-80.22,4/13/2007
38.645,-77.3,5/5/2007
33.699,-117.824,6/7/2007
40.69,-111.954,8/3/2007
34.94,-81.998,8/15/2007
34.836,-82.313,8/16/2007
37.389,-121.883,8/23/2007
41.677,-83.628,8/29/2007
43.311,-87.925,8/30/2007
32.364,-86.151,10/4/2007
39.187,-76.795,10/5/2007
29.576,-98.317,10/17/2007
41.264,-96.102,10/18/2007
47.359,-122.601,11/2/2007
35.196,-106.662,12/7/2007
38.893,-104.718,2/20/2008
38.673,-121.724,2/22/2008
30.461,-84.213,4/9/2008
34.112,-117.829,5/16/2008
39.71,-74.287,5/29/2008
37.786,-121.256,8/14/2008
43.098,-89.523,8/20/2008
39.644,-105.006,8/21/2008
39.559,-104.776,8/22/2008
45.028,-93.041,8/28/2008
29.733,-95.439,10/22/2008
42.906,-112.455,10/23/2008
47.355,-122.121,10/25/2008
38.669,-76.876,11/12/2008
41.909,-88.34,11/14/2008
36.172,-115.163,2/19/2009
33.85,-118.142,2/26/2009
21.328,-158.088,2/27/2009
33.919,-118.343,3/20/2009
32.908,-96.446,4/8/2009
33.995,-118.143,7/23/2009
33.6,-111.983,9/18/2009
38.904,-104.817,10/29/2009
40.796,-73.933,11/12/2009
38.597,-90.505,11/17/2009
41.313,-81.817,11/18/2009
37.617,-122.088,11/24/2009
34.272,-118.428,3/4/2010
40.734,-73.864,7/8/2010
43.26,-123.351,8/12/2010
32.816,-117.154,9/15/2010
38.922,-76.851,10/26/2010
34.967,-85.193,10/27/2010
33.872,-84.335,10/28/2010
41.908,-87.835,11/17/2010
41.726,-88.033,11/18/2010
42.236,-87.904,11/20/2010
44.749,-93.293,11/23/2010
45.622,-122.473,11/24/2010
32.182,-110.947,4/14/2011
38.1,-121.266,6/9/2011
40.361,-74.304,7/6/2011
33.137,-117.124,7/8/2011
40.239,-75.576,8/17/2011
40.197,-75.081,10/21/2011
33.171,-96.839,10/22/2011
43.09,-88.23,10/27/2011
33.524,-82.02,11/16/2011
26.194,-98.199,3/15/2012
33.734,-117.996,5/2/2012
41.698,-91.615,6/27/2012
41.863,-87.666,6/28/2012
42.232,-83.741,6/29/2012
27.233,-82.498,8/17/2012
33.572,-84.333,9/4/2012
46.844,-96.887,10/23/2012
46.349,-94.249,10/24/2012
40.123,-111.649,10/25/2012
35.896,-84.141,11/9/2012
39.883,-75.53,11/10/2012
40.669,-89.584,11/14/2012
43.165,-89.275,11/15/2012
44.051,-92.521,11/16/2012
38.92,-76.95,11/29/2012
39.036,-77.056,4/10/2013
29.586,-95.642,7/11/2013
38.742,-77.086,8/8/2013
29.967,-90.11,9/21/2013
43.512,-96.741,10/3/2013
40.052,-82.909,10/4/2013
41.125,-85.156,10/16/2013
44.458,-87.989,10/17/2013
38.025,-84.407,10/18/2013
40.612,-74.46,11/14/2013
33.563,-101.945,11/15/2013
30.528,-97.817,11/22/2013
41.845,-87.807,11/25/2013
29.784,-95.787,2/6/2014
30.42,-91.073,4/25/2014
32.9,-97.321,5/9/2014
40.925,-72.704,6/26/2014
40.436,-74.507,7/24/2014
40.56,-111.975,8/28/2014
34.212,-84.116,8/29/2014
40.52,-104.989,10/2/2014
43.057,-76.27,10/24/2014
42.271,-85.648,11/12/2014
39.661,-84.109,11/13/2014
41.72,-86.173,11/14/2014
30.208,-95.453,11/21/2014
41.76,-87.742,4/13/2015
37.68,-97.225,6/3/2015
30.647,-88.119,6/4/2015
43.114,-77.614,6/5/2015
41.535,-83.636,6/11/2015
42.564,-87.921,6/12/2015
38.067,-78.489,7/30/2015
47.834,-122.276,10/1/2015
41.709,-72.766,10/15/2015
43.183,-88.112,11/5/2015
42.945,-88.106,11/6/2015
44.271,-88.488,11/7/2015
38.988,-84.647,11/11/2015
29.545,-95.391,11/12/2015
33.768,-117.991,12/21/2015
40.877,-74.041,3/15/2016
35.747,-78.827,3/16/2016
30.156,-92.043,3/17/2016
30.022,-95.268,3/18/2016
36.016,-95.887,4/21/2016
39.709,-105.016,6/1/2016
41.263,-81.513,6/22/2016
39.636,-86.089,6/23/2016
34.068,-81.139,8/10/2016
40.11,-83.189,8/11/2016
40.281,-74.672,8/25/2016
28.403,-81.407,8/26/2016
38.205,-85.666,8/27/2016
41.178,-96.104,10/26/2016
36.326,-119.607,10/27/2016
47.667,-122.093,11/11/2016
40.522,-74.853,11/17/2016
40.567,-75.558,11/18/2016
28.191,-82.393,2/8/2017
28.044,-82.581,2/9/2017
32.919,-96.768,5/11/2017
39.255,-94.599,5/18/2017
37.244,-121.785,6/29/2017
34.201,-118.38,8/9/2017
37.662,-122.402,8/22/2017
40.619,-73.653,8/23/2017
44.736,-85.57,10/26/2017
42.752,-84.448,10/27/2017
40.74,-96.699,10/28/2017
44.939,-92.964,11/15/2017
30.202,-81.756,2/8/2018
47.166,-122.158,5/30/2018
44.999,-93.216,6/27/2018
33.986,-117.558,6/28/2018
39.127,-123.197,7/19/2018
33.218,-96.664,7/25/2018
30.47,-97.59,7/26/2018
32.88,-79.794,8/8/2018
34.12,-84.516,8/9/2018
38.409,-121.41,9/27/2018
39.404,-76.789,10/18/2018
29.534,-95.137,10/19/2018
41.575,-90.524,10/20/2018
35.988,-115.139,11/8/2018
64.852,-147.708,11/20/2018
26.288,-80.283,2/7/2019
40.673,-74.105,3/7/2019
35.605,-97.53,5/16/2019
35.582,-80.852,6/26/2019
37.989,-87.464,6/28/2019
45.55,-94.203,6/29/2019
29.978,-95.711,7/19/2019
27.496,-82.471,8/21/2019
33.4,-84.622,8/22/2019
42.321,-88.962,8/23/2019
32.871,-96.763,9/5/2019
41.359,-72.213,11/14/2019
44.857,-93.129,11/15/2019
32.423,-90.147,3/12/2020